{"cameraMode":{"drawMode":0,"name":"Shaded","section":"Shading Mode"},"sceneLighting":true,"audioPlay":false,"sceneViewState":{"showFog":true,"showMaterialUpdate":false,"showSkybox":true,"showFlares":true,"showImageEffects":true,"showParticleSystems":true},"in2DMode":false,"pivot":{"x":53.76618957519531,"y":21.889894485473634,"z":64.60993194580078},"rotation":{"x":0.12440763413906098,"y":0.7325251698493958,"z":-0.6546400189399719,"w":0.1392105370759964},"size":10.368191719055176,"orthographic":false}