{"cameraMode":{"drawMode":0,"name":"Shaded","section":"Shading Mode"},"sceneLighting":true,"audioPlay":false,"sceneViewState":{"showFog":true,"showMaterialUpdate":false,"showSkybox":true,"showFlares":true,"showImageEffects":true,"showParticleSystems":true},"in2DMode":false,"pivot":{"x":39.690895080566409,"y":-1.5918939113616944,"z":6.513822555541992},"rotation":{"x":-0.1199750229716301,"y":0.027395056560635568,"z":-0.0033115313854068519,"w":-0.992398202419281},"size":22.99118423461914,"orthographic":false}