{"cameraMode":{"drawMode":0,"name":"Shaded","section":"Shading Mode"},"sceneLighting":true,"audioPlay":false,"sceneViewState":{"showFog":true,"showMaterialUpdate":false,"showSkybox":true,"showFlares":true,"showImageEffects":true,"showParticleSystems":true},"in2DMode":false,"pivot":{"x":9.714746475219727,"y":12.820478439331055,"z":11.722594261169434},"rotation":{"x":-0.13336943089962007,"y":-0.37019118666648867,"z":0.053796540945768359,"w":-0.9177619218826294},"size":27.457502365112306,"orthographic":false}